-- ===============================================================================
--   This file is automatically generated by the "bin/cake backup_database" shell.
-- ===============================================================================

-- -----------------------------------------------------------------------------------------
-- Output from "mysqldump --add-drop-table"
-- -----------------------------------------------------------------------------------------

-- MySQL dump 10.16  Distrib 10.1.37-MariaDB, for Win32 (AMD64)
--
-- Host: localhost    Database: dpass-cake-dev
-- ------------------------------------------------------
-- Server version	10.1.37-MariaDB

/*!40101 SET @OLD_CHARACTER_SET_CLIENT=@@CHARACTER_SET_CLIENT */;
/*!40101 SET @OLD_CHARACTER_SET_RESULTS=@@CHARACTER_SET_RESULTS */;
/*!40101 SET @OLD_COLLATION_CONNECTION=@@COLLATION_CONNECTION */;
/*!40101 SET NAMES utf8 */;
/*!40103 SET @OLD_TIME_ZONE=@@TIME_ZONE */;
/*!40103 SET TIME_ZONE='+00:00' */;
/*!40014 SET @OLD_UNIQUE_CHECKS=@@UNIQUE_CHECKS, UNIQUE_CHECKS=0 */;
/*!40014 SET @OLD_FOREIGN_KEY_CHECKS=@@FOREIGN_KEY_CHECKS, FOREIGN_KEY_CHECKS=0 */;
/*!40101 SET @OLD_SQL_MODE=@@SQL_MODE, SQL_MODE='NO_AUTO_VALUE_ON_ZERO' */;
/*!40111 SET @OLD_SQL_NOTES=@@SQL_NOTES, SQL_NOTES=0 */;

--
-- Table structure for table `languages`
--

DROP TABLE IF EXISTS `languages`;
/*!40101 SET @saved_cs_client     = @@character_set_client */;
/*!40101 SET character_set_client = utf8 */;
CREATE TABLE `languages` (
  `id` int(11) NOT NULL AUTO_INCREMENT,
  `code` varchar(45) DEFAULT NULL,
  PRIMARY KEY (`id`),
  UNIQUE KEY `code_UNIQUE` (`code`)
) ENGINE=InnoDB AUTO_INCREMENT=3 DEFAULT CHARSET=utf8;
/*!40101 SET character_set_client = @saved_cs_client */;

--
-- Dumping data for table `languages`
--

LOCK TABLES `languages` WRITE;
/*!40000 ALTER TABLE `languages` DISABLE KEYS */;
INSERT INTO `languages` VALUES (2,'en-au'),(1,'zh-mo');
/*!40000 ALTER TABLE `languages` ENABLE KEYS */;
UNLOCK TABLES;

--
-- Table structure for table `links`
--

DROP TABLE IF EXISTS `links`;
/*!40101 SET @saved_cs_client     = @@character_set_client */;
/*!40101 SET character_set_client = utf8 */;
CREATE TABLE `links` (
  `id` int(11) NOT NULL AUTO_INCREMENT,
  `staff_id` int(11) DEFAULT NULL,
  `link` varchar(10) DEFAULT NULL,
  `create_time` datetime DEFAULT CURRENT_TIMESTAMP,
  `update_time` datetime DEFAULT CURRENT_TIMESTAMP,
  `disabled` tinyint(4) DEFAULT '0',
  PRIMARY KEY (`id`),
  UNIQUE KEY `link_UNIQUE` (`link`),
  KEY `staff_id_fk_idx` (`staff_id`),
  CONSTRAINT `links_staff_id_fk` FOREIGN KEY (`staff_id`) REFERENCES `staff` (`id`) ON UPDATE CASCADE
) ENGINE=InnoDB AUTO_INCREMENT=12 DEFAULT CHARSET=utf8;
/*!40101 SET character_set_client = @saved_cs_client */;

--
-- Dumping data for table `links`
--

LOCK TABLES `links` WRITE;
/*!40000 ALTER TABLE `links` DISABLE KEYS */;
INSERT INTO `links` VALUES (1,901,'r1xdbg','2018-12-12 16:31:47','2018-12-12 16:31:47',0),(2,902,'86xz33','2018-12-12 16:34:21','2018-12-12 16:47:59',0),(4,903,'agkbn0','2018-12-12 16:54:56','2018-12-12 16:54:56',0),(5,904,'5ru1f5','2018-12-12 16:54:57','2018-12-12 16:54:57',0),(6,905,'9u2jc2','2018-12-12 16:54:58','2018-12-12 16:54:58',0),(7,901,'v59qom','2018-12-12 16:54:58','2018-12-12 16:54:58',0),(8,902,'7ef4ww','2018-12-12 16:54:59','2018-12-12 16:54:59',0),(9,903,'qfis2l','2018-12-12 16:54:59','2018-12-12 16:54:59',0),(10,904,'9pxa5f','2018-12-12 16:55:00','2018-12-12 16:55:00',0),(11,905,'kksa7g','2018-12-12 16:55:00','2018-12-12 16:55:00',0);
/*!40000 ALTER TABLE `links` ENABLE KEYS */;
UNLOCK TABLES;

--
-- Table structure for table `managers`
--

DROP TABLE IF EXISTS `managers`;
/*!40101 SET @saved_cs_client     = @@character_set_client */;
/*!40101 SET character_set_client = utf8 */;
CREATE TABLE `managers` (
  `id` int(11) NOT NULL AUTO_INCREMENT,
  `surname` varchar(100) DEFAULT NULL,
  `given_names` varchar(100) DEFAULT NULL,
  `default_score` int(11) DEFAULT '0',
  `status` smallint(2) DEFAULT '0',
  `create_time` datetime DEFAULT CURRENT_TIMESTAMP,
  `update_time` datetime DEFAULT CURRENT_TIMESTAMP,
  PRIMARY KEY (`id`)
) ENGINE=InnoDB AUTO_INCREMENT=11 DEFAULT CHARSET=utf8;
/*!40101 SET character_set_client = @saved_cs_client */;

--
-- Dumping data for table `managers`
--

LOCK TABLES `managers` WRITE;
/*!40000 ALTER TABLE `managers` DISABLE KEYS */;
INSERT INTO `managers` VALUES (1,'PANG','WENG LONG',100,10,'2018-11-22 00:12:58','2018-11-22 00:12:58'),(2,'AUTO','STAFF ADD',100,11,'2018-11-22 00:12:58','2018-11-22 00:12:58'),(3,'AUTO','SECURITY',0,0,'2018-11-22 15:58:00','2018-11-22 15:58:00'),(4,'AUTO','TEST',0,0,'2018-11-23 07:02:04','2018-11-23 07:02:04'),(10,'DPASS','SYSTEM',50,0,'2018-12-15 21:43:46','2018-12-15 21:43:46');
/*!40000 ALTER TABLE `managers` ENABLE KEYS */;
UNLOCK TABLES;

--
-- Table structure for table `managers_organisations`
--

DROP TABLE IF EXISTS `managers_organisations`;
/*!40101 SET @saved_cs_client     = @@character_set_client */;
/*!40101 SET character_set_client = utf8 */;
CREATE TABLE `managers_organisations` (
  `id` int(11) NOT NULL AUTO_INCREMENT,
  `manager_id` int(11) NOT NULL,
  `organisation_id` int(11) NOT NULL,
  `create_time` datetime NOT NULL DEFAULT CURRENT_TIMESTAMP,
  `update_time` datetime NOT NULL DEFAULT CURRENT_TIMESTAMP,
  PRIMARY KEY (`id`),
  KEY `organisation_manager_fk` (`organisation_id`),
  KEY `manager_organisation_fk` (`manager_id`),
  CONSTRAINT `manager_organisation_fk` FOREIGN KEY (`manager_id`) REFERENCES `managers` (`id`) ON UPDATE CASCADE,
  CONSTRAINT `organisation_manager_fk` FOREIGN KEY (`organisation_id`) REFERENCES `organisations` (`id`) ON UPDATE CASCADE
) ENGINE=InnoDB DEFAULT CHARSET=utf8;
/*!40101 SET character_set_client = @saved_cs_client */;

--
-- Dumping data for table `managers_organisations`
--

LOCK TABLES `managers_organisations` WRITE;
/*!40000 ALTER TABLE `managers_organisations` DISABLE KEYS */;
/*!40000 ALTER TABLE `managers_organisations` ENABLE KEYS */;
UNLOCK TABLES;

--
-- Table structure for table `marks`
--

DROP TABLE IF EXISTS `marks`;
/*!40101 SET @saved_cs_client     = @@character_set_client */;
/*!40101 SET character_set_client = utf8 */;
CREATE TABLE `marks` (
  `id` int(11) NOT NULL AUTO_INCREMENT,
  `keyword` varchar(50) NOT NULL,
  `mark` int(11) NOT NULL DEFAULT '0',
  `create_time` datetime NOT NULL DEFAULT CURRENT_TIMESTAMP,
  `update_time` datetime NOT NULL DEFAULT CURRENT_TIMESTAMP,
  PRIMARY KEY (`id`)
) ENGINE=InnoDB AUTO_INCREMENT=5 DEFAULT CHARSET=utf8;
/*!40101 SET character_set_client = @saved_cs_client */;

--
-- Dumping data for table `marks`
--

LOCK TABLES `marks` WRITE;
/*!40000 ALTER TABLE `marks` DISABLE KEYS */;
INSERT INTO `marks` VALUES (1,'pass_mark',100,'2018-12-17 12:10:30','2018-12-17 12:10:30'),(2,'staff_add_record',10,'2018-12-17 12:17:25','2018-12-17 12:17:25'),(3,'staff_add_location',40,'2018-12-17 12:17:25','2018-12-17 12:17:25'),(4,'staff_add_photo',50,'2018-12-17 12:17:42','2018-12-17 12:17:42');
/*!40000 ALTER TABLE `marks` ENABLE KEYS */;
UNLOCK TABLES;

--
-- Table structure for table `organisations`
--

DROP TABLE IF EXISTS `organisations`;
/*!40101 SET @saved_cs_client     = @@character_set_client */;
/*!40101 SET character_set_client = utf8 */;
CREATE TABLE `organisations` (
  `id` int(11) NOT NULL AUTO_INCREMENT,
  `name` varchar(100) NOT NULL,
  `create_time` datetime NOT NULL DEFAULT CURRENT_TIMESTAMP,
  `update_time` datetime NOT NULL DEFAULT CURRENT_TIMESTAMP,
  PRIMARY KEY (`id`),
  UNIQUE KEY `name` (`name`)
) ENGINE=InnoDB AUTO_INCREMENT=3 DEFAULT CHARSET=utf8;
/*!40101 SET character_set_client = @saved_cs_client */;

--
-- Dumping data for table `organisations`
--

LOCK TABLES `organisations` WRITE;
/*!40000 ALTER TABLE `organisations` DISABLE KEYS */;
INSERT INTO `organisations` VALUES (1,'Valentine Flower Shop','2018-12-13 20:15:22','2018-12-13 20:15:22'),(2,'Greenhouse Florist','2018-12-13 20:15:22','2018-12-13 20:15:22');
/*!40000 ALTER TABLE `organisations` ENABLE KEYS */;
UNLOCK TABLES;

--
-- Table structure for table `organisations_staff`
--

DROP TABLE IF EXISTS `organisations_staff`;
/*!40101 SET @saved_cs_client     = @@character_set_client */;
/*!40101 SET character_set_client = utf8 */;
CREATE TABLE `organisations_staff` (
  `id` int(11) NOT NULL AUTO_INCREMENT,
  `organisation_id` int(11) NOT NULL,
  `staff_id` int(11) NOT NULL,
  `create_time` datetime NOT NULL DEFAULT CURRENT_TIMESTAMP,
  PRIMARY KEY (`id`),
  KEY `organisation_staff_fk` (`organisation_id`),
  KEY `staff_organisation_fk` (`staff_id`),
  CONSTRAINT `organisation_staff_fk` FOREIGN KEY (`organisation_id`) REFERENCES `organisations` (`id`) ON UPDATE CASCADE,
  CONSTRAINT `staff_organisation_fk` FOREIGN KEY (`staff_id`) REFERENCES `staff` (`id`) ON UPDATE CASCADE
) ENGINE=InnoDB AUTO_INCREMENT=2 DEFAULT CHARSET=utf8;
/*!40101 SET character_set_client = @saved_cs_client */;

--
-- Dumping data for table `organisations_staff`
--

LOCK TABLES `organisations_staff` WRITE;
/*!40000 ALTER TABLE `organisations_staff` DISABLE KEYS */;
INSERT INTO `organisations_staff` VALUES (1,1,902,'2018-12-15 16:40:43');
/*!40000 ALTER TABLE `organisations_staff` ENABLE KEYS */;
UNLOCK TABLES;

--
-- Table structure for table `photos`
--

DROP TABLE IF EXISTS `photos`;
/*!40101 SET @saved_cs_client     = @@character_set_client */;
/*!40101 SET character_set_client = utf8 */;
CREATE TABLE `photos` (
  `id` int(11) NOT NULL AUTO_INCREMENT,
  `photo_path` varchar(200) DEFAULT NULL,
  `metadata` mediumtext,
  `create_time` datetime DEFAULT CURRENT_TIMESTAMP,
  `update_time` datetime DEFAULT CURRENT_TIMESTAMP,
  PRIMARY KEY (`id`)
) ENGINE=InnoDB AUTO_INCREMENT=4 DEFAULT CHARSET=utf8;
/*!40101 SET character_set_client = @saved_cs_client */;

--
-- Dumping data for table `photos`
--

LOCK TABLES `photos` WRITE;
/*!40000 ALTER TABLE `photos` DISABLE KEYS */;
INSERT INTO `photos` VALUES (1,'some/path/again','dddeee=eefdsf,dfsfsd=eer',NULL,'2018-11-21 23:53:27'),(2,'new/image','something,think','2018-11-21 23:54:16','2018-11-23 06:24:06'),(3,'the/source/path',NULL,'2018-11-23 06:37:22','2018-11-23 06:37:22');
/*!40000 ALTER TABLE `photos` ENABLE KEYS */;
UNLOCK TABLES;

--
-- Table structure for table `photos_scores`
--

DROP TABLE IF EXISTS `photos_scores`;
/*!40101 SET @saved_cs_client     = @@character_set_client */;
/*!40101 SET character_set_client = utf8 */;
CREATE TABLE `photos_scores` (
  `id` int(11) NOT NULL AUTO_INCREMENT,
  `photo_id` int(11) NOT NULL,
  `score_id` int(11) NOT NULL,
  `create_time` datetime NOT NULL DEFAULT CURRENT_TIMESTAMP,
  PRIMARY KEY (`id`),
  KEY `photo_score_fk` (`photo_id`),
  KEY `score_photo_fk` (`score_id`),
  CONSTRAINT `photo_score_fk` FOREIGN KEY (`photo_id`) REFERENCES `photos` (`id`) ON UPDATE CASCADE,
  CONSTRAINT `score_photo_fk` FOREIGN KEY (`score_id`) REFERENCES `scores` (`id`) ON UPDATE CASCADE
) ENGINE=InnoDB DEFAULT CHARSET=utf8;
/*!40101 SET character_set_client = @saved_cs_client */;

--
-- Dumping data for table `photos_scores`
--

LOCK TABLES `photos_scores` WRITE;
/*!40000 ALTER TABLE `photos_scores` DISABLE KEYS */;
/*!40000 ALTER TABLE `photos_scores` ENABLE KEYS */;
UNLOCK TABLES;

--
-- Table structure for table `records`
--

DROP TABLE IF EXISTS `records`;
/*!40101 SET @saved_cs_client     = @@character_set_client */;
/*!40101 SET character_set_client = utf8 */;
CREATE TABLE `records` (
  `id` int(11) NOT NULL AUTO_INCREMENT,
  `staff_id` int(11) DEFAULT NULL,
  `longitude` decimal(11,7) DEFAULT '1000.0000000',
  `latitude` decimal(11,7) DEFAULT '1000.0000000',
  `accuracy` decimal(10,5) DEFAULT '0.00000',
  `time` datetime DEFAULT NULL,
  `additional_data` varchar(1000) DEFAULT NULL,
  `http_user_agent` varchar(200) DEFAULT NULL,
  `http_cf_ray` varchar(100) DEFAULT NULL,
  `http_cf_connecting_ip` varchar(45) DEFAULT NULL,
  `http_cookie` varchar(1000) DEFAULT NULL,
  `create_time` datetime DEFAULT CURRENT_TIMESTAMP,
  `update_time` datetime DEFAULT CURRENT_TIMESTAMP,
  PRIMARY KEY (`id`),
  KEY `staff_id_fk_idx` (`staff_id`),
  CONSTRAINT `records_staff_id_fk` FOREIGN KEY (`staff_id`) REFERENCES `staff` (`id`) ON UPDATE CASCADE
) ENGINE=InnoDB AUTO_INCREMENT=7 DEFAULT CHARSET=utf8;
/*!40101 SET character_set_client = @saved_cs_client */;

--
-- Dumping data for table `records`
--

LOCK TABLES `records` WRITE;
/*!40000 ALTER TABLE `records` DISABLE KEYS */;
INSERT INTO `records` VALUES (1,902,1000.0000000,1000.0000000,0.00000,'2018-12-01 09:00:00',NULL,NULL,NULL,NULL,NULL,'2018-12-13 17:58:54','2018-12-13 17:58:54'),(2,902,1000.0000000,1000.0000000,0.00000,'2018-12-01 10:00:00',NULL,NULL,NULL,NULL,NULL,'2018-12-13 17:58:54','2018-12-13 17:58:54'),(3,902,1000.0000000,1000.0000000,0.00000,'2018-12-01 11:00:00',NULL,NULL,NULL,NULL,NULL,'2018-12-13 18:07:16','2018-12-13 18:07:16'),(4,902,1000.0000000,1000.0000000,0.00000,'2018-12-01 12:00:00',NULL,NULL,NULL,NULL,NULL,'2018-12-13 18:07:18','2018-12-13 18:07:18'),(5,902,1000.0000000,1000.0000000,0.00000,'2018-12-01 13:00:00',NULL,NULL,NULL,NULL,NULL,'2018-12-13 18:07:19','2018-12-13 18:07:19'),(6,902,1000.0000000,1000.0000000,0.00000,'2018-12-01 14:00:00',NULL,NULL,NULL,NULL,NULL,'2018-12-13 18:07:20','2018-12-13 18:07:20');
/*!40000 ALTER TABLE `records` ENABLE KEYS */;
UNLOCK TABLES;

--
-- Table structure for table `scores`
--

DROP TABLE IF EXISTS `scores`;
/*!40101 SET @saved_cs_client     = @@character_set_client */;
/*!40101 SET character_set_client = utf8 */;
CREATE TABLE `scores` (
  `id` int(11) NOT NULL AUTO_INCREMENT,
  `record_id` int(11) DEFAULT NULL,
  `manager_id` int(11) DEFAULT NULL,
  `score` smallint(3) DEFAULT '0',
  `notes` varchar(1000) DEFAULT NULL,
  `create_time` datetime DEFAULT CURRENT_TIMESTAMP,
  `update_time` datetime DEFAULT CURRENT_TIMESTAMP,
  PRIMARY KEY (`id`),
  KEY `manager_fk_idx` (`manager_id`),
  KEY `record_fk_idx` (`record_id`),
  CONSTRAINT `scores_manager_id_fk` FOREIGN KEY (`manager_id`) REFERENCES `managers` (`id`) ON UPDATE CASCADE,
  CONSTRAINT `scores_record_id_fk` FOREIGN KEY (`record_id`) REFERENCES `records` (`id`) ON UPDATE CASCADE
) ENGINE=InnoDB DEFAULT CHARSET=utf8;
/*!40101 SET character_set_client = @saved_cs_client */;

--
-- Dumping data for table `scores`
--

LOCK TABLES `scores` WRITE;
/*!40000 ALTER TABLE `scores` DISABLE KEYS */;
/*!40000 ALTER TABLE `scores` ENABLE KEYS */;
UNLOCK TABLES;

--
-- Table structure for table `settings`
--

DROP TABLE IF EXISTS `settings`;
/*!40101 SET @saved_cs_client     = @@character_set_client */;
/*!40101 SET character_set_client = utf8 */;
CREATE TABLE `settings` (
  `id` int(11) NOT NULL AUTO_INCREMENT,
  `keyword` varchar(50) NOT NULL,
  `content` varchar(5000) DEFAULT NULL,
  `create_time` datetime NOT NULL DEFAULT CURRENT_TIMESTAMP,
  `update_time` datetime NOT NULL DEFAULT CURRENT_TIMESTAMP,
  PRIMARY KEY (`id`),
  UNIQUE KEY `keyword` (`keyword`)
) ENGINE=InnoDB AUTO_INCREMENT=7 DEFAULT CHARSET=utf8;
/*!40101 SET character_set_client = @saved_cs_client */;

--
-- Dumping data for table `settings`
--

LOCK TABLES `settings` WRITE;
/*!40000 ALTER TABLE `settings` DISABLE KEYS */;
INSERT INTO `settings` VALUES (1,'staffadd_view_limit','5','2018-12-20 17:14:12','2018-12-20 17:14:12'),(2,'dpass_system_id','10','2018-12-20 17:14:12','2018-12-20 17:14:12'),(3,'enable_dpass_rest','0','2018-12-20 17:14:49','2018-12-20 17:14:49'),(4,'dpass_rest_id','980','2018-12-20 17:14:49','2018-12-20 17:14:49'),(5,'dpass_rest_add_address','https://vflits.com/DPASS-REST/add','2018-12-20 17:18:18','2018-12-20 17:18:18'),(6,'dpass_rest_key',NULL,'2018-12-20 17:18:18','2018-12-20 17:18:18');
/*!40000 ALTER TABLE `settings` ENABLE KEYS */;
UNLOCK TABLES;

--
-- Table structure for table `staff`
--

DROP TABLE IF EXISTS `staff`;
/*!40101 SET @saved_cs_client     = @@character_set_client */;
/*!40101 SET character_set_client = utf8 */;
CREATE TABLE `staff` (
  `id` int(11) NOT NULL AUTO_INCREMENT,
  `surname` varchar(100) DEFAULT NULL,
  `given_names` varchar(100) DEFAULT NULL,
  `start_time` time DEFAULT '09:00:00',
  `end_time` time DEFAULT '20:00:00',
  `monthly_wage` decimal(10,2) DEFAULT '0.00',
  `hourly_wage` decimal(10,2) DEFAULT '0.00',
  `status` smallint(2) DEFAULT '0',
  `update_time` datetime DEFAULT CURRENT_TIMESTAMP,
  `create_time` datetime DEFAULT CURRENT_TIMESTAMP,
  PRIMARY KEY (`id`)
) ENGINE=InnoDB AUTO_INCREMENT=906 DEFAULT CHARSET=utf8;
/*!40101 SET character_set_client = @saved_cs_client */;

--
-- Dumping data for table `staff`
--

LOCK TABLES `staff` WRITE;
/*!40000 ALTER TABLE `staff` DISABLE KEYS */;
INSERT INTO `staff` VALUES (1,'PANG','WENG LONG','09:00:00','20:00:00',0.00,0.00,NULL,'2018-11-23 19:31:33','2018-11-23 19:31:33'),(901,'CULLY 利','Berkeley 白加','09:00:00','20:00:00',0.00,0.00,NULL,'2018-12-12 16:27:20','2018-12-12 16:23:49'),(902,'Lucks','Felisha','09:00:00','20:00:00',0.00,0.00,NULL,'2018-12-12 16:23:50','2018-12-12 16:23:50'),(903,'Keune','Suzanna','09:00:00','20:00:00',0.00,0.00,NULL,'2018-12-12 16:23:51','2018-12-12 16:23:51'),(904,'D\'Costa','Rebecca','09:00:00','20:00:00',0.00,0.00,NULL,'2018-12-12 16:23:52','2018-12-12 16:23:52'),(905,'Gabbetis','Connie','09:00:00','20:00:00',0.00,0.00,NULL,'2018-12-12 16:23:53','2018-12-12 16:23:53');
/*!40000 ALTER TABLE `staff` ENABLE KEYS */;
UNLOCK TABLES;
/*!40103 SET TIME_ZONE=@OLD_TIME_ZONE */;

/*!40101 SET SQL_MODE=@OLD_SQL_MODE */;
/*!40014 SET FOREIGN_KEY_CHECKS=@OLD_FOREIGN_KEY_CHECKS */;
/*!40014 SET UNIQUE_CHECKS=@OLD_UNIQUE_CHECKS */;
/*!40101 SET CHARACTER_SET_CLIENT=@OLD_CHARACTER_SET_CLIENT */;
/*!40101 SET CHARACTER_SET_RESULTS=@OLD_CHARACTER_SET_RESULTS */;
/*!40101 SET COLLATION_CONNECTION=@OLD_COLLATION_CONNECTION */;
/*!40111 SET SQL_NOTES=@OLD_SQL_NOTES */;

-- Dump completed on 2018-12-20 17:21:13
